Workbook

Sheet H for VWM with ARL0
A1: Sample Sizes | C1: 250 | E1: 370 | G1: 500 | J1: User | K1: Mail | M1: Sample Sizes | O1: 250 | Q1: 370 | S1: 500 | V1: User | W1: Mail | Y1: Sample Sizes | AA1: 250 | AC1: 370 | AE1: 500 | AJ1: Sample Sizes | AL1: 250 | AN1: 370 | AP1: 500 | AS1: User | AT1: Mail
A2: m | B2: n | C2: H | D2: IC ARL | E2: H | F2: IC ARL | G2: H | H2: IC ARL | L2: lamda | M2: m | N2: n | O2: H | P2: IC ARL 250 | Q2: H | R2: IC ARL 370 | S2: H | T2: IC ARL 500 | X2: lamda | Y2: m | Z2: n | AA2: H | AB2: IC ARL 250 | AC2: H | AD2: IC ARL 370 | AE2: H | AF2: IC ARL 500 | AI2: k | AJ2: m | AK2: n | AL2: H | AM2: IC ARL 250 | AN2: H | AO2: IC ARL 370 | AP2: H | AQ2: IC ARL 500
A3: 100 | B3: 5 | C3: 10.45 | D3: 250.0747 | E3: 11.25 | F3: 366.6141 | G3: 11.85 | H3: 504.9108 | I3: 2.7882 | J3: Shubham | K3: shubhamshinde23599@gmail.com | L3: 0.05 | M3: 100 | N3: 5 | O3: 2.66 | P3: 240.8457 | Q3: 2.73 | R3: 360.272 | S3: 2.7882 | T3: 497.4835 | V3: Shubham | W3: shubhamshinde23599@gmail.com | X3: 0.1 | Y3: 100 | Z3: 5 | AA3: 3.185 | AB3: 246.5989 | AC3: =AE3-(S3-Q3) -> 3.3458 | AD3: 385.5265 | AE3: 3.404 | AF3: 504.0634 | AG3: Shubham | AH3: shubhamshinde23599@gmail.com | AI3: 0.2 | AJ3: 100 | AK3: 5 | AL3: =AA3+1.79*(AA3-O3) -> 4.12475 | AM3: 246.6062 | AN3: 4.31 | AO3: 355.7278 | AP3: 4.509 | AQ3: 512.804 | AT3: shubhamshinde23599@gmail.com
A4: 100 | B4: 10 | C4: 10 | D4: 248.2772 | E4: 10.75 | F4: 376.4098 | G4: 11.25 | H4: 505.506 | I4: 3.404 | J4: R | K4: minip38032@sinyago.com | L4: 0.05 | M4: 100 | N4: 10 | O4: 2.63 | P4: 256.4689 | Q4: =Q3*(O4/O3) -> 2.6992105 | R4: 380.4873 | S4: 2.745 | T4: 520.5768 | V4: R | W4: minip38032@sinyago.com | X4: 0.1 | Y4: 100 | Z4: 10 | AA4: 3.125 | AB4: 263.6924 | AC4: 3.2 | AD4: 356.6816 | AE4: 3.28 | AF4: 492.1857 | AG4: R | AH4: minip38032@sinyago.com | AI4: 0.2 | AJ4: 100 | AK4: 10 | AL4: 3.97 | AM4: 266.2079 | AN4: 4.096 | AO4: 361.5792 | AP4: =AE4+1.79*(AE4-S4) -> 4.23765 | AQ4: 496.0631 | AS4: R | AT4: minip38032@sinyago.com
A5: 100 | B5: 15 | C5: 9.75 | D5: 246.753 | E5: 10.45 | F5: 372.4917 | G5: 10.95 | H5: 505.9817 | I5: 4.509 | J5: R Program | K5: kadif15864@haislot.com | L5: 0.05 | M5: 100 | N5: 15 | O5: 2.62 | P5: 255.6492 | Q5: 2.67 | R5: 376.8314 | S5: 2.72 | T5: 502.9611 | V5: R Program | W5: kadif15864@haislot.com | X5: 0.1 | Y5: 100 | Z5: 15 | AA5: 3.09 | AB5: 249.8827 | AC5: 3.17 | AD5: 369.581 | AE5: 3.24 | AF5: 486.4011 | AG5: R Program | AH5: kadif15864@haislot.com | AI5: 0.2 | AJ5: 100 | AK5: 15 | AL5: 3.92 | AM5: 262.6207 | AN5: 4.05 | AO5: 378.2806 | AP5: =AE5+1.79*(AE5-S5) -> 4.1708 | AQ5: 518.2872 | AS5: R Program | AT5: kadif15864@haislot.com
A6: 100 | B6: 20 | C6: 9.6 | D6: 245.7934 | E6: 10.25 | F6: 378.6965 | G6: 10.75 | H6: 505.5453 | I6: 2.85 | J6: Saurabh 1 | K6: makego8759@idsho.com | L6: 0.05 | M6: 100 | N6: 20 | O6: 2.6 | P6: 257.5768 | Q6: 2.65 | R6: 371.4757 | S6: 2.69 | T6: 497.0783 | V6: Saurabh 1 | W6: makego8759@idsho.com | X6: 0.1 | Y6: 100 | Z6: 20 | AA6: 3.06 | AB6: 252.4374 | AC6: 3.14 | AD6: 354.3183 | AE6: 3.21 | AF6: 488.6659 | AG6: Saurabh 1 | AH6: makego8759@idsho.com | AI6: 0.2 | AJ6: 100 | AK6: 20 | AL6: 3.835 | AM6: 240.0812 | AN6: 4 | AO6: 371.2498 | AP6: 4.12 | AQ6: 516.6943 | AS6: Saurabh 1 | AT6: makego8759@idsho.com
A7: 100 | B7: 25 | C7: 9.5 | D7: 256.8069 | E7: 10.05 | F7: 369.6602 | G7: 10.55 | H7: 509.1948 | I7: 3.495 | J7: Reaserch | K7: jalap84772@runchet.com | L7: 0.05 | M7: 100 | N7: 25 | O7: 2.58 | P7: 260.0756 | Q7: 2.62 | R7: 365.1692 | S7: 2.66 | T7: 482.7515 | V7: Reaserch | W7: jalap84772@runchet.com | X7: 0.1 | Y7: 100 | Z7: 25 | AA7: 3.02 | AB7: 251.3869 | AC7: 3.11 | AD7: 380.8834 | AE7: 3.19 | AF7: 505.8714 | AG7: Reaserch | AH7: jalap84772@runchet.com | AI7: 0.2 | AJ7: 100 | AK7: 25 | AL7: =AA7+1.79*(AA7-O7) -> 3.8076 | AM7: 256.4736 | AN7: 3.95 | AO7: 372.4476 | AP7: 4.05 | AQ7: 492.0468 | AS7: Reaserch | AT7: jalap84772@runchet.com
A8: 125 | B8: 5 | C8: 10.7 | D8: 255.5732 | E8: 11.5 | F8: 371.9612 | G8: 12.1 | H8: 498.4251 | I8: 4.692 | J8: Solytics | K8: mqigmxwvedbgojnwdl@nthrl.com | L8: 0.05 | M8: 125 | N8: 5 | O8: 2.69 | P8: 238.9382 | Q8: 2.76 | R8: 360.5004 | S8: 2.82 | T8: 497.4835 | V8: Solytics | W8: mqigmxwvedbgojnwdl@nthrl.com | X8: 0.1 | Y8: 125 | Z8: 5 | AA8: 3.25 | AB8: 252.6018 | AC8: 3.352 | AD8: 356.801 | AE8: 3.442 | AF8: 484.7746 | AG8: Solytics | AH8: mqigmxwvedbgojnwdl@nthrl.com | AI8: 0.2 | AJ8: 125 | AK8: 5 | AL8: 4.238 | AM8: 262.8773 | AN8: 4.435 | AO8: 380.3356 | AP8: 4.6 | AQ8: 504.0357 | AS8: Solytics | AT8: mqigmxwvedbgojnwdl@nthrl.com
A9: 125 | B9: 10 | C9: 10.25 | D9: 252.9029 | E9: 11 | F9: 369.0262 | G9: 11.55 | H9: 502.7106 | J9: Ranjeet | K9: shubhamshinde230599@gmail.com | L9: 0.05 | M9: 125 | N9: 10 | O9: 2.66 | P9: 247.6762 | Q9: 2.725 | R9: 366.7943 | S9: 2.77 | T9: 503.0858 | V9: Ranjeet | W9: shubhamshinde230599@gmail.com | X9: 0.1 | Y9: 125 | Z9: 10 | AA9: 3.17 | AB9: 259.2754 | AC9: 3.26 | AD9: 372.7133 | AE9: 3.34 | AF9: 505.8714 | AG9: Ranjeet | AH9: shubhamshinde230599@gmail.com | AI9: 0.2 | AJ9: 125 | AK9: 10 | AL9: 3.995 | AM9: 241.2186 | AN9: 4.2 | AO9: 381.07 | AP9: 4.32 | AQ9: 480.9211 | AS9: Ranjeet | AT9: shubhamshinde230599@gmail.com
A10: 125 | B10: 15 | C10: 10.05 | D10: 250.7072 | E10: 10.75 | F10: 371.4065 | G10: 11.25 | H10: 490.8262 | J10: Vinayak | K10: obdswtjavftmcbaqtp@kvhrr.com | L10: 0.05 | M10: 125 | N10: 15 | O10: 2.65 | P10: 249.5634 | Q10: 2.715 | R10: 384.1921 | S10: 2.75 | T10: 493.476 | V10: Vinayak | W10: obdswtjavftmcbaqtp@kvhrr.com | X10: 0.1 | Y10: 125 | Z10: 15 | AA10: 3.14 | AB10: 260.7523 | AC10: 3.23 | AD10: 369.2727 | AE10: 3.29 | AF10: 477.4145 | AG10: Vinayak | AH10: obdswtjavftmcbaqtp@kvhrr.com | AI10: 0.2 | AJ10: 125 | AK10: 15 | AL10: 4 | AM10: 264.7349 | AN10: =AN5+(AC10-AC5) -> 4.11 | AO10: 366.3896 | AP10: 4.257 | AQ10: 507.6409 | AS10: Vijay | AT10: zrlxxtmadxkkjeriun@cazlv.com
A11: 125 | B11: 20 | C11: 9.85 | D11: 246.3529 | E11: 10.55 | H11: 500.2674 | J11: Vijay | K11: zrlxxtmadxkkjeriun@cazlv.com | L11: 0.05 | M11: 125 | N11: 20 | O11: 2.63 | P11: 248.4144 | Q11: 2.68 | R11: 362.4751 | S11: 2.73 | T11: 497.2447 | V11: Vijay | W11: zrlxxtmadxkkjeriun@cazlv.com | X11: 0.1 | Y11: 125 | Z11: 20 | AA11: 3.12 | AB11: 262.5849 | AC11: 3.2 | AD11: 367.8724 | AE11: 3.28 | AF11: 526.4972 | AG11: Vijay | AH11: zrlxxtmadxkkjeriun@cazlv.com | AI11: 0.2 | AJ11: 125 | AK11: 20 | AL11: 3.912 | AM11: 236.3879 | AN11: 4.08 | AO11: 375.3852 | AP11: 4.22 | AQ11: 528.6816 | AS11: Vinayak | AT11: obdswtjavftmcbaqtp@kvhrr.com
A12: 125 | B12: 25 | C12: 9.75 | D12: 250.8844 | E12: 10.35 | F12: 366.317 | G12: 10.85 | H12: 502.4989 | J12: Ajay | K12: sisebec973@luvnish.com | L12: 0.05 | M12: 125 | N12: 25 | O12: 2.61 | P12: 251.4101 | Q12: 2.67 | R12: 383.8092 | S12: 2.71 | T12: 516.4899 | V12: Ajay | W12: sisebec973@luvnish.com | X12: 0.1 | Y12: 125 | Z12: 25 | AA12: 3.09 | AB12: 254.1798 | AC12: 3.175 | AD12: 385.983 | AE12: 3.25 | AF12: 514.8424 | AG12: Ajay | AH12: sisebec973@luvnish.com | AI12: 0.2 | AJ12: 125 | AK12: 25 | AL12: 3.875 | AM12: 238.0854 | AN12: 4.025 | AO12: 354.8092 | AP12: 4.15 | AQ12: 488.8548 | AS12: Juned | AT12: hafalid125@funvane.com
A13: 150 | B13: 5 | C13: 10.85 | D13: 253.8788 | E13: 11.7 | F13: 367.0058 | G13: 12.4 | H13: 508.0445 | J13: Shubham | K13: shubhamshinde23599@gmail.com | L13: 0.05 | M13: 150 | N13: 5 | O13: =Q13-(Q8-O8) -> 2.715 | P13: 251.2297 | Q13: 2.785 | R13: 363.5115 | S13: 2.85 | T13: 516.6226 | V13: Shubham | W13: shubhamshinde23599@gmail.com | X13: 0.1 | Y13: 150 | Z13: 5 | AA13: 3.26 | AB13: 238.4857 | AC13: 3.39 | AD13: 367.155 | AE13: 3.495 | AF13: 503.3853 | AG13: Shubham | AH13: shubhamshinde23599@gmail.com | AI13: 0.2 | AJ13: 150 | AK13: 5 | AL13: 4.245 | AM13: 238.212 | AN13: =AC13+1.79*(AC13-Q13) -> 4.47295 | AO13: 364.3208 | AP13: 4.692 | AQ13: 510.0023 | AS13: Solytics | AT13: mqigmxwvedbgojnwdl@nthrl.com
A14: 150 | B14: 10 | C14: 10.4 | D14: 249.2807 | E14: 11.2 | F14: 371.4137 | G14: 11.85 | H14: 509.5566 | J14: R | K14: minip38032@sinyago.com | L14: 0.05 | M14: 150 | N14: 10 | O14: =Q14-(Q9-O9) -> 2.68 | P14: 245.2793 | Q14: 2.745 | R14: 369.779 | S14: =S13-(S8-S9) -> 2.8 | T14: 492.6388 | V14: R | W14: minip38032@sinyago.com | X14: 0.1 | Y14: 150 | Z14: 10 | AA14: 3.195 | AB14: 257.2912 | AC14: 3.3 | AD14: 375.3374 | AE14: =AE13-(AE8-AE9) -> 3.393 | AF14: 521.5241 | AG14: R | AH14: minip38032@sinyago.com | AI14: 0.2 | AJ14: 150 | AK14: 10 | AL14: 4.09 | AM14: 256.2312 | AN14: 4.273 | AO14: 379.4509 | AP14: 4.4 | AQ14: 497.5991 | AS14: Ranjeet | AT14: shubhamshinde230599@gmail.com
A15: 150 | B15: 15 | C15: 10.2 | D15: 248.0648 | E15: 10.95 | F15: 368.3088 | G15: 11.5 | H15: 505.1798 | J15: R Program | K15: kadif15864@haislot.com | L15: 0.05 | M15: 150 | N15: 15 | O15: =Q15-(Q10-O10) -> 2.665 | P15: 241.7663 | Q15: 2.73 | R15: 360.0428 | S15: =S14-(S9-S10) -> 2.78 | T15: 525.3777 | V15: R Program | W15: kadif15864@haislot.com | X15: 0.1 | Y15: 150 | Z15: 15 | AA15: =AC15-(AC10-AA10) -> 3.175 | AB15: 261.4002 | AC15: 3.265 | AD15: 373.7659 | AE15: =AE14-(AE9-AE10) -> 3.343 | AF15: 503.6357 | AG15: R Program | AH15: kadif15864@haislot.com | AI15: 0.2 | AJ15: 150 | AK15: 15 | AL15: 4 | AM15: 237.272 | AN15: 4.18 | AO15: 358.8945 | AP15: 4.32 | AQ15: 514.0755 | AS15: Vijay | AT15: zrlxxtmadxkkjeriun@cazlv.com
A16: 150 | B16: 20 | C16: 10.05 | D16: 245.9033 | E16: 10.75 | F16: 364.84 | G16: 11.35 | H16: 510.44 | J16: Saurabh 1 | K16: makego8759@idsho.com | L16: 0.05 | M16: 150 | N16: 20 | O16: =Q16-(Q11-O11) -> 2.66 | P16: 259.1009 | Q16: =S16-(S11-Q11) -> 2.71 | R16: 360.4728 | S16: =S15-(S10-S11) -> 2.76 | T16: 493.9674 | V16: Saurabh 1 | W16: makego8759@idsho.com | X16: 0.1 | Y16: 150 | Z16: 20 | AA16: 3.15 | AB16: 254.2768 | AC16: =AE16-(AE11-AC11) -> 3.233 | AD16: 367.8024 | AE16: 3.313 | AF16: 521.5868 | AG16: Saurabh 1 | AH16: makego8759@idsho.com | AI16: 0.2 | AJ16: 150 | AK16: 20 | AL16: 3.975 | AM16: 249.4144 | AN16: 4.15 | AO16: 370.7583 | AP16: 4.25 | AQ16: 481.0771 | AS16: Vinayak | AT16: obdswtjavftmcbaqtp@kvhrr.com
A17: 150 | B17: 25 | C17: 9.95 | D17: 251.969 | E17: 10.6 | F17: 376.1669 | G17: 11.15 | H17: 508.0162 | J17: Reaserch | K17: jalap84772@runchet.com | L17: 0.05 | M17: 150 | N17: 25 | O17: =Q17-(Q12-O12) -> 2.64 | P17: 259.7067 | Q17: 2.7 | R17: 371.2417 | S17: =S16-(S11-S12) -> 2.74 | T17: 502.0047 | V17: Reaserch | W17: jalap84772@runchet.com | X17: 0.1 | Y17: 150 | Z17: 25 | AA17: 3.12 | AB17: 249.3579 | AC17: 3.22 | AD17: 383.6476 | AE17: 3.295 | AF17: 519.507 | AG17: Reaserch | AH17: jalap84772@runchet.com | AI17: 0.2 | AJ17: 150 | AK17: 25 | AL17: 3.95 | AM17: 242.4029 | AN17: 4.1 | AO17: 368.4189 | AP17: 4.22 | AQ17: 489.6872 | AS17: Juned | AT17: hafalid125@funvane.com
A18: 175 | B18: 5 | C18: 11 | D18: 258.2794 | E18: 11.85 | F18: 362.4744 | G18: 12.55 | H18: 502.5758 | J18: Solytics | K18: mqigmxwvedbgojnwdl@nthrl.com | L18: 0.05 | M18: 175 | N18: 5 | O18: =Q18-(Q13-O13) -> 2.735 | P18: 253.9803 | Q18: =S18-(S13-Q13) -> 2.805 | R18: 363.4408 | S18: 2.87 | T18: 520.3641 | V18: Solytics | W18: mqigmxwvedbgojnwdl@nthrl.com | X18: 0.1 | Y18: 175 | Z18: 5 | AA18: 3.318 | AB18: 260.2125 | AC18: =AE18-(AE8-AC8) -> 3.43 | AD18: 378.3863 | AE18: 3.52 | AF18: 496.5269 | AG18: Solytics | AH18: mqigmxwvedbgojnwdl@nthrl.com | AI18: 0.2 | AJ18: 175 | AK18: 5 | AL18: 4.352 | AM18: 261.5038 | AN18: =AC18+1.79*(AC18-Q18) -> 4.54875 | AO18: 370.6953 | AP18: 4.74 | AQ18: 509.9044 | AS18: Solytics | AT18: mqigmxwvedbgojnwdl@nthrl.com
A19: 175 | B19: 10 | C19: 10.55 | D19: 252.718 | E19: 11.35 | F19: 368.3547 | G19: 12 | H19: 514.3622 | J19: Ranjeet | K19: shubhamshinde230599@gmail.com | L19: 0.05 | M19: 175 | N19: 10 | O19: =Q19-(Q14-O14) -> 2.7 | P19: 259.3664 | Q19: =S19-(S14-Q14) -> 2.765 | R19: 371.4868 | S19: 2.82 | T19: 493.9513 | V19: Ranjeet | W19: shubhamshinde230599@gmail.com | X19: 0.1 | Y19: 175 | Z19: 10 | AA19: 3.213 | AB19: 250.0025 | AC19: =AE19-(AE9-AC9) -> 3.333 | AD19: 373.0302 | AE19: 3.413 | AF19: 510.8895 | AG19: Ranjeet | AH19: shubhamshinde230599@gmail.com | AI19: 0.2 | AJ19: 175 | AK19: 10 | AL19: =AA19+1.79*(AA19-O19) -> 4.13127 | AM19: 256.1286 | AN19: 4.3 | AO19: 360.7315 | AP19: =AP14+(AP9-AP4) -> 4.48235 | AQ19: 509.7173 | AS19: Ranjeet | AT19: shubhamshinde230599@gmail.com
A20: 175 | B20: 15 | C20: 10.35 | D20: 251.8438 | E20: 11.1 | F20: 369.2891 | G20: 11.65 | H20: 499.4939 | J20: Vinayak | K20: obdswtjavftmcbaqtp@kvhrr.com | L20: 0.05 | M20: 175 | N20: 15 | O20: =Q20-(Q15-O15) -> 2.685 | P20: 252.0966 | Q20: =S20-(S15-Q15) -> 2.75 | R20: 367.038 | S20: =S19-(S14-S15) -> 2.8 | T20: 489.4332 | V20: Vinayak | W20: obdswtjavftmcbaqtp@kvhrr.com | X20: 0.1 | Y20: 175 | Z20: 15 | AA20: 3.2 | AB20: 255.0619 | AC20: =AE20-(AE10-AC10) -> 3.303 | AD20: 382.7975 | AE20: 3.363 | AF20: 491.4197 | AG20: Vinayak | AH20: obdswtjavftmcbaqtp@kvhrr.com | AI20: 0.2 | AJ20: 175 | AK20: 15 | AL20: 4.05 | AM20: 248.4266 | AN20: 4.22 | AO20: 364.9024 | AP20: 4.34 | AQ20: 477.6842 | AS20: Vijay | AT20: zrlxxtmadxkkjeriun@cazlv.com
A21: 175 | B21: 20 | C21: 10.25 | D21: 258.4011 | E21: 10.9 | F21: 368.6124 | G21: 11.5 | H21: 509.3323 | J21: Vijay | K21: zrlxxtmadxkkjeriun@cazlv.com | L21: 0.05 | M21: 175 | N21: 20 | O21: =Q21-(Q16-O16) -> 2.68 | P21: 261.9422 | Q21: =S21-(S16-Q16) -> 2.73 | R21: 363.362 | S21: 2.78 | T21: 490.3041 | V21: Vijay | W21: zrlxxtmadxkkjeriun@cazlv.com | X21: 0.1 | Y21: 175 | Z21: 20 | AA21: 3.18 | AB21: 259.7401 | AC21: =AE21-(AE11-AC11) -> 3.263 | AD21: 365.3972 | AE21: =AE16+(AE11-AE12) -> 3.343 | AF21: 497.4402 | AG21: Vijay | AH21: zrlxxtmadxkkjeriun@cazlv.com | AI21: 0.2 | AJ21: 175 | AK21: 20 | AL21: 4.001 | AM21: 232.7492 | AN21: 4.2 | AO21: 381.2076 | AP21: 4.32 | AQ21: 508.669 | AS21: Vinayak | AT21: obdswtjavftmcbaqtp@kvhrr.com
A22: 175 | B22: 25 | C22: 10.15 | D22: 260.1049 | E22: 10.8 | F22: 371.0147 | G22: 11.3 | H22: 498.2558 | J22: Ajay | K22: sisebec973@luvnish.com | L22: 0.05 | M22: 175 | N22: 25 | O22: =Q22-(Q17-O17) -> 2.66 | P22: 255.1279 | Q22: =S22-(S17-Q17) -> 2.72 | R22: 369.4969 | S22: =S21-(S16-S17) -> 2.76 | T22: 485.5408 | V22: Ajay | W22: sisebec973@luvnish.com | X22: 0.1 | Y22: 175 | Z22: 25 | AA22: 3.15 | AB22: 252.5108 | AC22: =AE22-(AE12-AC12) -> 3.245 | AD22: 366.0093 | AE22: 3.32 | AF22: 495.7267 | AG22: Ajay | AH22: sisebec973@luvnish.com | AI22: 0.2 | AJ22: 175 | AK22: 25 | AL22: 4 | AM22: 251.5009 | AN22: 4.15 | AO22: 358.526 | AP22: 4.28 | AQ22: 491.68 | AS22: Juned | AT22: hafalid125@funvane.com
A23: 200 | B23: 5 | C23: 11.1 | D23: 258.4289 | E23: 11.95 | F23: 372.3316 | G23: 12.75 | H23: 516.6968 | J23: Shubham | K23: shubhamshinde23599@gmail.com | L23: 0.05 | M23: 200 | N23: 5 | O23: 2.74 | P23: 250.4474 | Q23: =S23-(S18-Q18) -> 2.825 | R23: 376.9525 | S23: =S18+(S18-S13) -> 2.89 | T23: 517.963 | V23: Shubham | W23: shubhamshinde23599@gmail.com | X23: 0.1 | Y23: 200 | Z23: 5 | AA23: 3.336 | AB23: 259.1437 | AC23: 3.45 | AD23: 370.0232 | AE23: =AE18+(AE18-AE13) -> 3.545 | AF23: 499.5081 | AG23: Shubham | AH23: shubhamshinde23599@gmail.com | AI23: 0.2 | AJ23: 200 | AK23: 5 | AL23: =AL18+(AL13-AL8) -> 4.359 | AM23: 253.1259 | AN23: =AN18+(AN13-AN8) -> 4.5867 | AO23: 367.0349 | AP23: 4.8 | AQ23: 505.7405 | AS23: Shubham | AT23: shubhamshinde23599@gmail.com
A24: 200 | B24: 10 | C24: 10.65 | D24: 251.3335 | E24: 11.5 | F24: 376.2538 | G24: 12.15 | H24: 516.1024 | J24: R | K24: minip38032@sinyago.com | L24: 0.05 | M24: 200 | N24: 10 | O24: =Q24-(Q19-O19) -> 2.72 | P24: 261.4259 | Q24: =S24-(S19-Q19) -> 2.785 | R24: 389.4217 | S24: =S19+(S19-S14) -> 2.84 | T24: 514.2325 | V24: R | W24: minip38032@sinyago.com | X24: 0.1 | Y24: 200 | Z24: 10 | AA24: =AA19+(AA19-AA14) -> 3.231 | AB24: 247.397 | AC24: 3.346 | AD24: 366.3684 | AE24: =AE19+(AE19-AE14) -> 3.433 | AF24: 516.5795 | AG24: R | AH24: minip38032@sinyago.com | AI24: 0.2 | AJ24: 200 | AK24: 10 | AL24: 4.2 | AM24: 272.7501 | AN24: =AN19+(AN14-AN9) -> 4.373 | AO24: 384.9566 | AP24: 4.552 | AQ24: 519.6014 | AS24: R | AT24: minip38032@sinyago.com
A25: 200 | B25: 15 | C25: 10.45 | D25: 246.9497 | E25: 11.2 | F25: 362.4916 | G25: 11.75 | H25: 490.0253 | J25: R Program | K25: kadif15864@haislot.com | L25: 0.05 | M25: 200 | N25: 15 | O25: =Q25-(Q20-O20) -> 2.705 | P25: 255.4306 | Q25: =S25-(S20-Q20) -> 2.77 | R25: 384.4717 | S25: =S20+(S20-S15) -> 2.82 | T25: 516.5877 | V25: R Program | W25: kadif15864@haislot.com | X25: 0.1 | Y25: 200 | Z25: 15 | AA25: =AA20+(AA20-AA15) -> 3.225 | AB25: 256.9649 | AC25: 3.311 | AD25: 352.1963 | AE25: =AE20+(AE20-AE15) -> 3.383 | AF25: 495.2291 | AG25: R Program | AH25: kadif15864@haislot.com | AI25: 0.2 | AJ25: 200 | AK25: 15 | AL25: 4.065 | AM25: 235.8161 | AN25: =AN20+(AN15-AN10) -> 4.29 | AO25: 371.798 | AP25: =AP20+(AP15-AP10) -> 4.403 | AQ25: 486.1666 | AS25: R Program | AT25: kadif15864@haislot.com
A26: 200 | B26: 20 | C26: 10.3 | D26: 243.6415 | E26: 11.05 | F26: 374.6301 | G26: 11.65 | H26: 511.4834 | J26: Saurabh 1 | K26: makego8759@idsho.com | L26: 0.05 | M26: 200 | N26: 20 | O26: 2.69 | P26: 255.8031 | Q26: =S26-(S21-Q21) -> 2.75 | R26: 358.7096 | S26: =S21+(S21-S16) -> 2.8 | T26: 493.5247 | V26: Saurabh 1 | W26: makego8759@idsho.com | X26: 0.1 | Y26: 200 | Z26: 20 | AA26: =AA21+(AA21-AA16) -> 3.21 | AB26: 264.7272 | AC26: =AC21+(AC21-AC16) -> 3.293 | AD26: 369.6299 | AE26: =AE21+(AE21-AE16) -> 3.373 | AF26: 508.5115 | AG26: Saurabh 1 | AH26: makego8759@idsho.com | AI26: 0.2 | AJ26: 200 | AK26: 20 | AL26: 4.05 | AM26: 243.9067 | AN26: 4.217 | AO26: 367.5676 | AP26: =AP21+(AP16-AP11) -> 4.35 | AQ26: 498.4864 | AS26: Saurabh 1 | AT26: makego8759@idsho.com
A27: 200 | B27: 25 | C27: 10.2 | D27: 249.2325 | E27: 10.9 | F27: 371.1159 | G27: 11.5 | H27: 512.1024 | J27: Reaserch | K27: jalap84772@runchet.com | L27: 0.05 | M27: 200 | N27: 25 | O27: =Q27-(Q22-O22) -> 2.68 | P27: 254.2007 | Q27: =S27-(S22-Q22) -> 2.74 | R27: 381.398 | S27: =S22+(S22-S17) -> 2.78 | T27: 490.9429 | V27: Reaserch | W27: jalap84772@runchet.com | X27: 0.1 | Y27: 200 | Z27: 25 | AA27: =AA22+(AA22-AA17) -> 3.18 | AB27: 257.1944 | AC27: =AC22+(AC22-AC17) -> 3.27 | AD27: 372.7371 | AE27: =AE22+(AE22-AE17) -> 3.345 | AF27: 483.7146 | AG27: Reaserch | AH27: jalap84772@runchet.com | AI27: 0.2 | AJ27: 200 | AK27: 25 | AL27: 4.03 | AM27: 247.694 | AN27: 4.18 | AO27: 366.9428 | AP27: 4.315 | AQ27: 483.4621 | AS27: Reaserch | AT27: jalap84772@runchet.com

Sheet H for VWAB with ARL0
A1: Sample Sizes | C1: 250 | E1: 370 | G1: 500 | J1: User | K1: Mail | M1: Sample Sizes | O1: 250 | Q1: 370 | S1: 500 | V1: User | W1: Mail | Y1: Sample Sizes | AA1: 250 | AC1: 370 | AE1: 500 | AJ1: Sample Sizes | AL1: 250 | AN1: 370 | AP1: 500 | AS1: User | AT1: Mail
A2: m | B2: n | C2: H | D2: IC ARL | E2: H | F2: IC ARL | G2: H | H2: IC ARL | L2: lamda | M2: m | N2: n | O2: H | P2: IC ARL 250 | Q2: H | R2: IC ARL 370 | S2: H | T2: IC ARL 500 | X2: lamda | Y2: m | Z2: n | AA2: H | AB2: IC ARL 250 | AC2: H | AD2: IC ARL 370 | AE2: H | AF2: IC ARL 500 | AI2: k | AJ2: m | AK2: n | AL2: H | AM2: IC ARL 250 | AN2: H | AO2: IC ARL 370 | AP2: H | AQ2: IC ARL 500
A3: 100 | B3: 5 | C3: 10.45 | D3: 250.0747 | E3: 11.25 | F3: 366.6141 | G3: 11.85 | H3: 504.9108 | I3: 2.794 | J3: Shubham | K3: shubhamshinde23599@gmail.com | L3: 0.05 | M3: 100 | N3: 5 | O3: =Q3-('H for VWM with ARL0'!Q3-'H for VWM with ARL0'!O3) -> 2.6658 | P3: 239.3236 | Q3: =S3-('H for VWM with ARL0'!S3-'H for VWM with ARL0'!Q3) -> 2.7358 | R3: 362.4968 | S3: 2.794 | T3: 510.3768 | V3: Shubham | W3: shubhamshinde23599@gmail.com | X3: 0.1 | Y3: 100 | Z3: 5 | AA3: 3.2 | AB3: 265.0385 | AC3: 3.295 | AD3: 375.5191 | AE3: 3.3745 | AF3: 505.7537 | AG3: Shubham | AH3: shubhamshinde23599@gmail.com | AI3: 0.2 | AJ3: 100 | AK3: 5 | AL3: =AN3-(AP3-AN3) -> 4.09 | AM3: 253.6463 | AN3: 4.25 | AO3: 373.7701 | AP3: 4.41 | AQ3: 498.8699 | AT3: shubhamshinde23599@gmail.com
A4: 100 | B4: 10 | C4: 10 | D4: 248.2772 | E4: 10.75 | F4: 376.4098 | G4: 11.25 | H4: 505.506 | I4: 3.3745 | J4: R | K4: minip38032@sinyago.com | L4: 0.05 | M4: 100 | N4: 10 | O4: =Q4-('H for VWM with ARL0'!Q4-'H for VWM with ARL0'!O4) -> 2.655 | P4: 257.8872 | Q4: =S4-('H for VWM with ARL0'!S4-'H for VWM with ARL0'!Q4) -> 2.7242105 | R4: 384.7103 | S4: 2.77 | T4: 511.9097 | V4: R | W4: minip38032@sinyago.com | X4: 0.1 | Y4: 100 | Z4: 10 | AA4: 3.151 | AB4: 244.2448 | AC4: 3.245 | AD4: 369.2108 | AE4: 3.335 | AF4: 508.339 | AG4: R | AH4: minip38032@sinyago.com | AI4: 0.2 | AJ4: 100 | AK4: 10 | AL4: 4.026 | AM4: 264.5942 | AN4: 4.175 | AO4: 380.1023 | AP4: 4.304 | AQ4: 513.4199 | AS4: R | AT4: minip38032@sinyago.com
A5: 100 | B5: 15 | C5: 9.75 | D5: 246.753 | E5: 10.45 | F5: 372.4917 | G5: 10.95 | H5: 505.9817 | I5: 4.41 | J5: R Program | K5: kadif15864@haislot.com | L5: 0.05 | M5: 100 | N5: 15 | O5: 2.635 | P5: 260.3163 | Q5: 2.69 | R5: 377.2907 | S5: 2.735 | T5: 501.6569 | V5: R Program | W5: kadif15864@haislot.com | X5: 0.1 | Y5: 100 | Z5: 15 | AA5: 3.095 | AB5: 236.7966 | AC5: =AE5-0.07 -> 3.21 | AD5: 373.0571 | AE5: 3.28 | AF5: 499.8809 | AG5: R Program | AH5: kadif15864@haislot.com | AI5: 0.2 | AJ5: 100 | AK5: 15 | AL5: =AN5-(AP5-AN5) -> 3.983 | AM5: 263.5004 | AN5: 4.103 | AO5: 368.7851 | AP5: 4.223 | AQ5: 492.3704 | AS5: R Program | AT5: kadif15864@haislot.com
A6: 100 | B6: 20 | C6: 9.6 | D6: 245.7934 | E6: 10.25 | F6: 378.6965 | G6: 10.75 | H6: 505.5453 | I6: 2.838 | J6: Saurabh 1 | K6: makego8759@idsho.com | L6: 0.05 | M6: 100 | N6: 20 | O6: =Q6-('H for VWM with ARL0'!Q6-'H for VWM with ARL0'!O6) -> 2.61 | P6: 255.0971 | Q6: =S6-('H for VWM with ARL0'!S6-'H for VWM with ARL0'!Q6) -> 2.66 | R6: 371.4042 | S6: 2.7 | T6: 494.7576 | V6: Saurabh 1 | W6: makego8759@idsho.com | X6: 0.1 | Y6: 100 | Z6: 20 | AA6: 3.085 | AB6: 265.3717 | AC6: =AE6-0.07 -> 3.175 | AD6: 377.5366 | AE6: 3.245 | AF6: 508.1648 | AG6: Saurabh 1 | AH6: makego8759@idsho.com | AI6: 0.2 | AJ6: 100 | AK6: 20 | AL6: 3.87 | AM6: 233.5417 | AN6: 4.02 | AO6: 348.1751 | AP6: 4.19 | AQ6: 523.3603 | AS6: Saurabh 1 | AT6: makego8759@idsho.com
A7: 100 | B7: 25 | C7: 9.5 | D7: 256.8069 | E7: 10.05 | F7: 369.6602 | G7: 10.55 | H7: 509.1948 | I7: 3.44 | J7: Reaserch | K7: jalap84772@runchet.com | L7: 0.05 | M7: 100 | N7: 25 | O7: 2.585 | P7: 255.51 | Q7: =S7-('H for VWM with ARL0'!S7-'H for VWM with ARL0'!Q7) -> 2.635 | R7: 382.2885 | S7: 2.675 | T7: 505.9802 | V7: Reaserch | W7: jalap84772@runchet.com | X7: 0.1 | Y7: 100 | Z7: 25 | AA7: 3.05 | AB7: 262.0435 | AC7: =AE7-0.07 -> 3.125 | AD7: 369.9859 | AE7: 3.195 | AF7: 511.8863 | AG7: Reaserch | AH7: jalap84772@runchet.com | AI7: 0.2 | AJ7: 100 | AK7: 25 | AL7: =AN7-(AP7-AN7) -> 3.825 | AM7: 243.6883 | AN7: 3.97 | AO7: 367.1688 | AP7: 4.115 | AQ7: 517.1005 | AS7: Reaserch | AT7: jalap84772@runchet.com
A8: 125 | B8: 5 | C8: 10.7 | D8: 255.5732 | E8: 11.5 | F8: 371.9612 | G8: 12.1 | H8: 498.4251 | I8: 4.515 | J8: Solytics | K8: mqigmxwvedbgojnwdl@nthrl.com | L8: 0.05 | M8: 125 | N8: 5 | O8: =O3+('H for VWM with ARL0'!O8-'H for VWM with ARL0'!O3) -> 2.6958 | P8: 254.2295 | Q8: =Q3+('H for VWM with ARL0'!Q8-'H for VWM with ARL0'!Q3) -> 2.7658 | R8: 370.422 | S8: 2.816 | T8: 494.1538 | V8: Solytics | W8: mqigmxwvedbgojnwdl@nthrl.com | X8: 0.1 | Y8: 125 | Z8: 5 | AA8: =AC8-(AC3-AA3) -> 3.233 | AB8: 265.6559 | AC8: =AE8-(AE3-AC3) -> 3.328 | AD8: 368.338 | AE8: =AE3+0.033 -> 3.4075 | AF8: 509.3326 | AG8: Solytics | AH8: mqigmxwvedbgojnwdl@nthrl.com | AI8: 0.2 | AJ8: 125 | AK8: 5 | AL8: =AN8-(AN3-AL3) -> 4.143919 | AM8: 262.636 | AN8: =AP8-(AP3-AN3) -> 4.303919 | AO8: 362.5621 | AP8: =AE8+(AE8-S8)*1.786 -> 4.463919 | AQ8: 494.4062 | AS8: Solytics | AT8: mqigmxwvedbgojnwdl@nthrl.com
A9: 125 | B9: 10 | C9: 10.25 | D9: 252.9029 | E9: 11 | F9: 369.0262 | G9: 11.55 | H9: 502.7106 | J9: Ranjeet | K9: shubhamshinde230599@gmail.com | L9: 0.05 | M9: 125 | N9: 10 | O9: =O4+('H for VWM with ARL0'!O9-'H for VWM with ARL0'!O4) -> 2.685 | P9: 250.1463 | Q9: =Q4+('H for VWM with ARL0'!Q9-'H for VWM with ARL0'!Q4) -> 2.75 | R9: 371.1833 | S9: 2.795 | T9: 495.1521 | V9: Ranjeet | W9: shubhamshinde230599@gmail.com | X9: 0.1 | Y9: 125 | Z9: 10 | AA9: =AC9-(AC4-AA4) -> 3.184 | AB9: 250.6829 | AC9: =AE9-(AE4-AC4) -> 3.278 | AD9: 348.6676 | AE9: =AE$8-(AE$3-AE4) -> 3.368 | AF9: 500.293 | AG9: Ranjeet | AH9: shubhamshinde230599@gmail.com | AI9: 0.2 | AJ9: 125 | AK9: 10 | AL9: =AN9-(AN4-AL4) -> 4.083 | AM9: 259.9897 | AN9: 4.232 | AO9: 377.0427 | AP9: 4.381 | AQ9: 516.4083 | AS9: Ranjeet | AT9: shubhamshinde230599@gmail.com
A10: 125 | B10: 15 | C10: 10.05 | D10: 250.7072 | E10: 10.75 | F10: 371.4065 | G10: 11.25 | H10: 490.8262 | J10: Vinayak | K10: obdswtjavftmcbaqtp@kvhrr.com | L10: 0.05 | M10: 125 | N10: 15 | O10: =O5+('H for VWM with ARL0'!O10-'H for VWM with ARL0'!O5) -> 2.665 | P10: 254.2618 | Q10: =Q5+('H for VWM with ARL0'!Q10-'H for VWM with ARL0'!Q5) -> 2.735 | R10: 381.4652 | S10: 2.78 | T10: 521.1911 | V10: Vinayak | W10: obdswtjavftmcbaqtp@kvhrr.com | X10: 0.1 | Y10: 125 | Z10: 15 | AA10: =AC10-(AC5-AA5) -> 3.145 | AB10: 238.0877 | AC10: =AE10-(AE5-AC5) -> 3.26 | AD10: 384.857 | AE10: 3.33 | AF10: 492.3583 | AG10: Vinayak | AH10: obdswtjavftmcbaqtp@kvhrr.com | AI10: 0.2 | AJ10: 125 | AK10: 15 | AL10: 4 | AM10: 242.7835 | AN10: =AP10-(AP5-AN5) -> 4.182 | AO10: 376.2977 | AP10: 4.302 | AQ10: 497.2592 | AS10: Vijay | AT10: zrlxxtmadxkkjeriun@cazlv.com
A11: 125 | B11: 20 | C11: 9.85 | D11: 246.3529 | E11: 10.55 | H11: 500.2674 | J11: Vijay | K11: zrlxxtmadxkkjeriun@cazlv.com | L11: 0.05 | M11: 125 | N11: 20 | O11: =O6+('H for VWM with ARL0'!O11-'H for VWM with ARL0'!O6) -> 2.64 | P11: 248.1943 | Q11: 2.697 | R11: 345.0954 | S11: 2.74 | T11: 488.6901 | V11: Vijay | W11: zrlxxtmadxkkjeriun@cazlv.com | X11: 0.1 | Y11: 125 | Z11: 20 | AA11: =AC11-(AC6-AA6) -> 3.138 | AB11: 265.2616 | AC11: =AE11-(AE6-AC6) -> 3.228 | AD11: 383.7412 | AE11: 3.298 | AF11: 510.0381 | AG11: Vijay | AH11: zrlxxtmadxkkjeriun@cazlv.com | AI11: 0.2 | AJ11: 125 | AK11: 20 | AL11: =AN11-(AN6-AL6) -> 3.975 | AM11: 252.3348 | AN11: 4.125 | AO11: 368.7761 | AP11: 4.275 | AQ11: 522.5087 | AS11: Vinayak | AT11: obdswtjavftmcbaqtp@kvhrr.com
A12: 125 | B12: 25 | C12: 9.75 | D12: 250.8844 | E12: 10.35 | F12: 366.317 | G12: 10.85 | H12: 502.4989 | J12: Ajay | K12: sisebec973@luvnish.com | L12: 0.05 | M12: 125 | N12: 25 | O12: =O7+('H for VWM with ARL0'!O12-'H for VWM with ARL0'!O7) -> 2.615 | P12: 248.0216 | Q12: =Q7+('H for VWM with ARL0'!Q12-'H for VWM with ARL0'!Q7)-0.01 -> 2.675 | R12: 367.9532 | S12: 2.725 | T12: 525.5753 | V12: Ajay | W12: sisebec973@luvnish.com | X12: 0.1 | Y12: 125 | Z12: 25 | AA12: 3.11 | AB12: 264.8207 | AC12: =AE12-(AE7-AC7) -> 3.198 | AD12: 384.4209 | AE12: 3.268 | AF12: 528.2346 | AG12: Ajay | AH12: sisebec973@luvnish.com | AI12: 0.2 | AJ12: 125 | AK12: 25 | AL12: =AN12-(AN7-AL7) -> 3.933 | AM12: 256.8221 | AN12: 4.078 | AO12: 377.7606 | AP12: 4.208 | AQ12: 506.7397 | AS12: Juned | AT12: hafalid125@funvane.com
A13: 150 | B13: 5 | C13: 10.85 | D13: 253.8788 | E13: 11.7 | F13: 367.0058 | G13: 12.4 | H13: 508.0445 | J13: Shubham | K13: shubhamshinde23599@gmail.com | L13: 0.05 | M13: 150 | N13: 5 | O13: =Q13-('H for VWM with ARL0'!Q13-'H for VWM with ARL0'!O13) -> 2.715 | P13: 255.8457 | Q13: 2.785 | R13: 386.0794 | S13: 2.838 | T13: 503.506 | V13: Shubham | W13: shubhamshinde23599@gmail.com | X13: 0.1 | Y13: 150 | Z13: 5 | AA13: 3.247 | AB13: 253.4743 | AC13: 3.347 | AD13: 367.4342 | AE13: 3.44 | AF13: 498.7957 | AG13: Shubham | AH13: shubhamshinde23599@gmail.com | AI13: 0.2 | AJ13: 150 | AK13: 5 | AL13: =AN13-(AP13-AN13) -> 4.195172 | AM13: 266.6633 | AN13: =AP13-(AP3-AN3) -> 4.355172 | AO13: 356.6284 | AP13: =AE13+(AE13-S13)*1.786 -> 4.515172 | AQ13: 487.6976 | AS13: Solytics | AT13: mqigmxwvedbgojnwdl@nthrl.com
A14: 150 | B14: 10 | C14: 10.4 | D14: 249.2807 | E14: 11.2 | F14: 371.4137 | G14: 11.85 | H14: 509.5566 | J14: R | K14: minip38032@sinyago.com | L14: 0.05 | M14: 150 | N14: 10 | O14: =Q14-('H for VWM with ARL0'!Q14-'H for VWM with ARL0'!O14) -> 2.705 | P14: 259.2855 | Q14: 2.77 | R14: 386.453 | S14: 2.815 | T14: 491.4012 | V14: R | W14: minip38032@sinyago.com | X14: 0.1 | Y14: 150 | Z14: 10 | AA14: 3.223 | AB14: 252.1123 | AC14: 3.312 | AD14: 356.6494 | AE14: =AE$13-(S$13-S14) -> 3.417 | AF14: 519.0766 | AG14: R | AH14: minip38032@sinyago.com | AI14: 0.2 | AJ14: 150 | AK14: 10 | AL14: =AN14-(AP14-AN14) -> 4.078 | AM14: 233.8923 | AN14: 4.25 | AO14: 346.2922 | AP14: 4.422 | AQ14: 520.2525 | AS14: Ranjeet | AT14: shubhamshinde230599@gmail.com
A15: 150 | B15: 15 | C15: 10.2 | D15: 248.0648 | E15: 10.95 | F15: 368.3088 | G15: 11.5 | H15: 505.1798 | J15: R Program | K15: kadif15864@haislot.com | L15: 0.05 | M15: 150 | N15: 15 | O15: =Q15-('H for VWM with ARL0'!Q15-'H for VWM with ARL0'!O15) -> 2.68 | P15: 240.5336 | Q15: =S15-('H for VWM with ARL0'!S15-'H for VWM with ARL0'!Q15) -> 2.745 | R15: 372.5177 | S15: 2.795 | T15: 505.9248 | V15: R Program | W15: kadif15864@haislot.com | X15: 0.1 | Y15: 150 | Z15: 15 | AA15: 3.195 | AB15: 251.3544 | AC15: 3.295 | AD15: 375.0985 | AE15: 3.377 | AF15: 505.955 | AG15: R Program | AH15: kadif15864@haislot.com | AI15: 0.2 | AJ15: 150 | AK15: 15 | AL15: =AN15-(AP15-AN15) -> 4.05 | AM15: 240.6792 | AN15: 4.208 | AO15: 341.8721 | AP15: 4.366 | AQ15: 520.5056 | AS15: Vijay | AT15: zrlxxtmadxkkjeriun@cazlv.com
A16: 150 | B16: 20 | C16: 10.05 | D16: 245.9033 | E16: 10.75 | F16: 364.84 | G16: 11.35 | H16: 510.44 | J16: Saurabh 1 | K16: makego8759@idsho.com | L16: 0.05 | M16: 150 | N16: 20 | O16: 2.66 | P16: 242.086 | Q16: 2.73 | R16: 384.1993 | S16: 2.775 | T16: 488.2818 | V16: Saurabh 1 | W16: makego8759@idsho.com | X16: 0.1 | Y16: 150 | Z16: 20 | AA16: 3.175 | AB16: 266.6294 | AC16: 3.255 | AD16: 358.9535 | AE16: 3.347 | AF16: 520.7278 | AG16: Saurabh 1 | AH16: makego8759@idsho.com | AI16: 0.2 | AJ16: 150 | AK16: 20 | AL16: =AN16-(AP16-AN16) -> 4.035 | AM16: 257.3578 | AN16: 4.175 | AO16: 357.2798 | AP16: 4.315 | AQ16: 498.0336 | AS16: Vinayak | AT16: obdswtjavftmcbaqtp@kvhrr.com
A17: 150 | B17: 25 | C17: 9.95 | D17: 251.969 | E17: 10.6 | F17: 376.1669 | G17: 11.15 | H17: 508.0162 | J17: Reaserch | K17: jalap84772@runchet.com | L17: 0.05 | M17: 150 | N17: 25 | O17: =Q17-('H for VWM with ARL0'!Q17-'H for VWM with ARL0'!O17) -> 2.64 | P17: 238.1718 | Q17: 2.7 | R17: 359.8818 | S17: 2.755 | T17: 532.5117 | V17: Reaserch | W17: jalap84772@runchet.com | X17: 0.1 | Y17: 150 | Z17: 25 | AA17: 3.15 | AB17: 262.1204 | AC17: 3.225 | AD17: 359.3679 | AE17: 3.317 | AF17: 508.5905 | AG17: Reaserch | AH17: jalap84772@runchet.com | AI17: 0.2 | AJ17: 150 | AK17: 25 | AL17: 4.02 | AM17: 267.7337 | AN17: 4.155 | AO17: 374.418 | AP17: 4.265 | AQ17: 501.7583 | AS17: Juned | AT17: hafalid125@funvane.com
A18: 175 | B18: 5 | C18: 11 | D18: 258.2794 | E18: 11.85 | F18: 362.4744 | G18: 12.55 | H18: 502.5758 | J18: Solytics | K18: mqigmxwvedbgojnwdl@nthrl.com | L18: 0.05 | M18: 175 | N18: 5 | O18: =O13+(O13-O8) -> 2.7342 | P18: 254.3105 | Q18: =Q13+(Q13-Q8) -> 2.8042 | R18: 377.417 | S18: =S13+(S13-S8) -> 2.86 | T18: 521.2315 | V18: Solytics | W18: mqigmxwvedbgojnwdl@nthrl.com | X18: 0.1 | Y18: 175 | Z18: 5 | AA18: 3.27 | AB18: 256.7703 | AC18: =AE18-(AE13-AC13) -> 3.3795 | AD18: 370.8439 | AE18: =AE13+(AE13-AE8) -> 3.4725 | AF18: 518.7789 | AG18: Solytics | AH18: mqigmxwvedbgojnwdl@nthrl.com | AI18: 0.2 | AJ18: 175 | AK18: 5 | AL18: 4.226 | AM18: 261.6138 | AN18: =AP18-(AP13-AN13) -> 4.406425 | AO18: 376.0891 | AP18: =AE18+(AE18-S18)*1.786 -> 4.566425 | AQ18: 507.5348 | AS18: Solytics | AT18: mqigmxwvedbgojnwdl@nthrl.com
A19: 175 | B19: 10 | C19: 10.55 | D19: 252.718 | E19: 11.35 | F19: 368.3547 | G19: 12 | H19: 514.3622 | J19: Ranjeet | K19: shubhamshinde230599@gmail.com | L19: 0.05 | M19: 175 | N19: 10 | O19: =O14+(O14-O9) -> 2.725 | P19: 260.5741 | Q19: =Q14+(Q14-Q9) -> 2.79 | R19: 392.0384 | S19: 2.84 | T19: 512.7679 | V19: Ranjeet | W19: shubhamshinde230599@gmail.com | X19: 0.1 | Y19: 175 | Z19: 10 | AA19: =AC19-(AC14-AA14) -> 3.236 | AB19: 250.8633 | AC19: =AE19-(AE14-AC14) -> 3.325 | AD19: 345.718 | AE19: 3.43 | AF19: 517.5909 | AG19: Ranjeet | AH19: shubhamshinde230599@gmail.com | AI19: 0.2 | AJ19: 175 | AK19: 10 | AL19: =AN19-(AN14-AL14) -> 4.13974 | AM19: 249.1101 | AN19: =AP19-(AP14-AN14) -> 4.31174 | AO19: 370.8365 | AP19: =AE19+(AE19-S19)*1.786 -> 4.48374 | AQ19: 517.8769 | AS19: Ranjeet | AT19: shubhamshinde230599@gmail.com
A20: 175 | B20: 15 | C20: 10.35 | D20: 251.8438 | E20: 11.1 | F20: 369.2891 | G20: 11.65 | H20: 499.4939 | J20: Vinayak | K20: obdswtjavftmcbaqtp@kvhrr.com | L20: 0.05 | M20: 175 | N20: 15 | O20: =O15+(O15-O10) -> 2.695 | P20: 237.2117 | Q20: =Q15+(Q15-Q10) -> 2.755 | R20: 357.3436 | S20: =S15+(S15-S10) -> 2.81 | T20: 474.6216 | V20: Vinayak | W20: obdswtjavftmcbaqtp@kvhrr.com | X20: 0.1 | Y20: 175 | Z20: 15 | AA20: =AC20-(AC15-AA15) -> 3.2275 | AB20: 260.8286 | AC20: =AE20-(AE15-AC15) -> 3.3275 | AD20: 389.9159 | AE20: 3.4095 | AF20: 523.9618 | AG20: Vinayak | AH20: obdswtjavftmcbaqtp@kvhrr.com | AI20: 0.2 | AJ20: 175 | AK20: 15 | AL20: =AN20-(AN15-AL15) -> 4.104 | AM20: 260.2413 | AN20: =AP20-(AP15-AN15) -> 4.262 | AO20: 351.4783 | AP20: 4.42 | AQ20: 493.9434 | AS20: Vijay | AT20: zrlxxtmadxkkjeriun@cazlv.com
A21: 175 | B21: 20 | C21: 10.25 | D21: 258.4011 | E21: 10.9 | F21: 368.6124 | G21: 11.5 | H21: 509.3323 | J21: Vijay | K21: zrlxxtmadxkkjeriun@cazlv.com | L21: 0.05 | M21: 175 | N21: 20 | O21: =O16+(O16-O11) -> 2.68 | P21: 246.1019 | Q21: 2.745 | R21: 372.8639 | S21: 2.8 | T21: 497.2409 | V21: Vijay | W21: zrlxxtmadxkkjeriun@cazlv.com | X21: 0.1 | Y21: 175 | Z21: 20 | AA21: =AC21-(AC16-AA16) -> 3.2075 | AB21: 254.2429 | AC21: =AE21-(AE16-AC16) -> 3.2875 | AD21: 367.2844 | AE21: 3.3795 | AF21: 511.5777 | AG21: Vijay | AH21: zrlxxtmadxkkjeriun@cazlv.com | AI21: 0.2 | AJ21: 175 | AK21: 20 | AL21: 4.08 | AM21: 262.8378 | AN21: 4.24 | AO21: 379.8131 | AP21: 4.365 | AQ21: 515.7065 | AS21: Vinayak | AT21: obdswtjavftmcbaqtp@kvhrr.com
A22: 175 | B22: 25 | C22: 10.15 | D22: 260.1049 | E22: 10.8 | F22: 371.0147 | G22: 11.3 | H22: 498.2558 | J22: Ajay | K22: sisebec973@luvnish.com | L22: 0.05 | M22: 175 | N22: 25 | O22: =O17+(O17-O12) -> 2.665 | P22: 243.2818 | Q22: =Q17+(Q17-Q12) -> 2.725 | R22: 366.3932 | S22: =S17+(S17-S12) -> 2.785 | T22: 528.9987 | V22: Ajay | W22: sisebec973@luvnish.com | X22: 0.1 | Y22: 175 | Z22: 25 | AA22: =AC22-(AC17-AA17) -> 3.1825 | AB22: 265.5382 | AC22: =AE22-(AE17-AC17) -> 3.2575 | AD22: 365.6473 | AE22: 3.3495 | AF22: 496.9011 | AG22: Ajay | AH22: sisebec973@luvnish.com | AI22: 0.2 | AJ22: 175 | AK22: 25 | AL22: 4.04 | AM22: 257.0521 | AN22: 4.208 | AO22: 383.6769 | AP22: 4.338 | AQ22: 514.3023 | AS22: Juned | AT22: hafalid125@funvane.com
A23: 200 | B23: 5 | C23: 11.1 | D23: 258.4289 | E23: 11.95 | F23: 372.3316 | G23: 12.75 | H23: 516.6968 | J23: Shubham | K23: shubhamshinde23599@gmail.com | L23: 0.05 | M23: 200 | N23: 5 | O23: 2.745 | P23: 262.9185 | Q23: 2.803 | R23: 363.7815 | S23: 2.862 | T23: 502.2992 | V23: Shubham | W23: shubhamshinde23599@gmail.com | X23: 0.1 | Y23: 200 | Z23: 5 | AA23: 3.295 | AB23: 268.255 | AC23: =AE23-(AE18-AC18) -> 3.402 | AD23: 393.3714 | AE23: 3.495 | AF23: 530.6445 | AG23: Shubham | AH23: shubhamshinde23599@gmail.com | AI23: 0.2 | AJ23: 200 | AK23: 5 | AL23: 4.24 | AM23: 260.2019 | AN23: =AP23-(AP18-AN18) -> 4.44 | AO23: 377.1828 | AP23: 4.6 | AQ23: 511.0411 | AS23: Shubham | AT23: shubhamshinde23599@gmail.com
A24: 200 | B24: 10 | C24: 10.65 | D24: 251.3335 | E24: 11.5 | F24: 376.2538 | G24: 12.15 | H24: 516.1024 | J24: R | K24: minip38032@sinyago.com | L24: 0.05 | M24: 200 | N24: 10 | O24: 2.733 | P24: 259.9454 | Q24: 2.79 | R24: 374.1655 | S24: 2.85 | T24: 515.6049 | V24: R | W24: minip38032@sinyago.com | X24: 0.1 | Y24: 200 | Z24: 10 | AA24: =AC24-(AC19-AA19) -> 3.271 | AB24: 252.9074 | AC24: 3.36 | AD24: 374.5997 | AE24: =AE19+(AE19-AE14) -> 3.443 | AF24: 503.7988 | AG24: R | AH24: minip38032@sinyago.com | AI24: 0.2 | AJ24: 200 | AK24: 10 | AL24: =AN24-(AN19-AL19) -> 4.158098 | AM24: 249.0772 | AN24: =AP24-(AP19-AN19) -> 4.330098 | AO24: 361.1484 | AP24: =AE24+(AE24-S24)*1.786 -> 4.502098 | AQ24: 505.8038 | AS24: R | AT24: minip38032@sinyago.com
A25: 200 | B25: 15 | C25: 10.45 | D25: 246.9497 | E25: 11.2 | F25: 362.4916 | G25: 11.75 | H25: 490.0253 | J25: R Program | K25: kadif15864@haislot.com | L25: 0.05 | M25: 200 | N25: 15 | O25: 2.7142 | P25: 251.0769 | Q25: =Q24+(Q20-Q19) -> 2.755 | R25: 362.7105 | S25: 2.832 | T25: 494.1037 | V25: R Program | W25: kadif15864@haislot.com | X25: 0.1 | Y25: 200 | Z25: 15 | AA25: =AC25-(AC20-AA20) -> 3.238 | AB25: 258.6596 | AC25: =AE25-(AE20-AC20) -> 3.338 | AD25: 382.8961 | AE25: 3.42 | AF25: 514.4282 | AG25: R Program | AH25: kadif15864@haislot.com | AI25: 0.2 | AJ25: 200 | AK25: 15 | AL25: 4.134 | AM25: 258.4459 | AN25: =AP25-(AP20-AN20) -> 4.312168 | AO25: 377.566 | AP25: =AE25+(AE25-S25)*1.786 -> 4.470168 | AQ25: 526.6972 | AS25: R Program | AT25: kadif15864@haislot.com
A26: 200 | B26: 20 | C26: 10.3 | D26: 243.6415 | E26: 11.05 | F26: 374.6301 | G26: 11.65 | H26: 511.4834 | J26: Saurabh 1 | K26: makego8759@idsho.com | L26: 0.05 | M26: 200 | N26: 20 | O26: 2.6992 | P26: 254.1935 | Q26: =Q25+(Q21-Q20) -> 2.745 | R26: 370.6546 | S26: =S25+(S21-S20) -> 2.822 | T26: 507.1243 | V26: Saurabh 1 | W26: makego8759@idsho.com | X26: 0.1 | Y26: 200 | Z26: 20 | AA26: 3.22 | AB26: 257.6375 | AC26: =AE26-(AE21-AC21) -> 3.32 | AD26: 377.9584 | AE26: =AE21+(AE21-AE16) -> 3.412 | AF26: 523.0798 | AG26: Saurabh 1 | AH26: makego8759@idsho.com | AI26: 0.2 | AJ26: 200 | AK26: 20 | AL26: 4.09 | AM26: 242.5231 | AN26: 4.295 | AO26: 389.1648 | AP26: 4.406 | AQ26: 520.4535 | AS26: Saurabh 1 | AT26: makego8759@idsho.com
A27: 200 | B27: 25 | C27: 10.2 | D27: 249.2325 | E27: 10.9 | F27: 371.1159 | G27: 11.5 | H27: 512.1024 | J27: Reaserch | K27: jalap84772@runchet.com | L27: 0.05 | M27: 200 | N27: 25 | O27: 2.6842 | P27: 249.5901 | Q27: =Q26+(Q22-Q21) -> 2.725 | R27: 364.1901 | S27: 2.795 | T27: 505.9797 | V27: Reaserch | W27: jalap84772@runchet.com | X27: 0.1 | Y27: 200 | Z27: 25 | AA27: 3.2 | AB27: 253.5108 | AC27: =AE27-(AE22-AC22) -> 3.29 | AD27: 375.192 | AE27: =AE22+(AE22-AE17) -> 3.382 | AF27: 515.1383 | AG27: Reaserch | AH27: jalap84772@runchet.com | AI27: 0.2 | AJ27: 200 | AK27: 25 | AL27: 4.088 | AM27: 254.7664 | AN27: 4.245 | AO27: 381.3722 | AP27: 4.385 | AQ27: 518.5246 | AS27: Reaserch | AT27: jalap84772@runchet.com

Sheet EVA
A1: lamda | B1: m | C1: n | D1: IC ARL | E1: H | F1: K
A2: 0.05 | B2: 100 | C2: 5 | D2: 239.3236 | E2: 2.6658 | F2: =(E2-2)/(2*SQRT(A2/(2-A2))) -> 2.0789598
A3: 0.05 | B3: 100 | C3: 10 | D3: 257.8872 | E3: 2.655 | F3: =(E3-2)/(2*SQRT(A3/(2-A3))) -> 2.0452368
A4: 0.05 | B4: 100 | C4: 15 | D4: 260.3163 | E4: 2.635 | F4: =(E4-2)/(2*SQRT(A4/(2-A4))) -> 1.9827869 | M4: SUMMARY OUTPUT | W4: SUMMARY OUTPUT
A5: 0.05 | B5: 100 | C5: 20 | D5: 255.0971 | E5: 2.61 | F5: =(E5-2)/(2*SQRT(A5/(2-A5))) -> 1.9047244
A6: 0.05 | B6: 100 | C6: 25 | D6: 255.51 | E6: 2.585 | F6: =(E6-2)/(2*SQRT(A6/(2-A6))) -> 1.8266619 | M6: Regression Statistics | W6: Regression Statistics
A7: 0.05 | B7: 125 | C7: 5 | D7: 254.2295 | E7: 2.6958 | F7: =(E7-2)/(2*SQRT(A7/(2-A7))) -> 2.1726348 | M7: Multiple R | N7: 0.99667707 | W7: Multiple R | X7: 0.98649223
A8: 0.05 | B8: 125 | C8: 10 | D8: 250.1463 | E8: 2.685 | F8: =(E8-2)/(2*SQRT(A8/(2-A8))) -> 2.1389118 | M8: R Square | N8: 0.99336518 | W8: R Square | X8: 0.97316692
A9: 0.05 | B9: 125 | C9: 15 | D9: 254.2618 | E9: 2.665 | F9: =(E9-2)/(2*SQRT(A9/(2-A9))) -> 2.0764618 | M9: Adjusted R Square | N9: 0.99324454 | W9: Adjusted R Square | X9: 0.97267905
A10: 0.05 | B10: 125 | C10: 20 | D10: 248.1943 | E10: 2.64 | F10: =(E10-2)/(2*SQRT(A10/(2-A10))) -> 1.9983994 | M10: Standard Error | N10: 0.05145697 | W10: Standard Error | X10: 0.079094036
A11: 0.05 | B11: 125 | C11: 25 | D11: 248.0216 | E11: 2.615 | F11: =(E11-2)/(2*SQRT(A11/(2-A11))) -> 1.9203369 | M11: Observations | N11: 225 | W11: Observations | X11: 225
A12: 0.05 | B12: 150 | C12: 5 | D12: 255.8457 | E12: 2.715 | F12: =(E12-2)/(2*SQRT(A12/(2-A12))) -> 2.2325868
A13: 0.05 | B13: 150 | C13: 10 | D13: 259.2855 | E13: 2.705 | F13: =(E13-2)/(2*SQRT(A13/(2-A13))) -> 2.2013618 | M13: ANOVA | W13: ANOVA
A14: 0.05 | B14: 150 | C14: 15 | D14: 240.5336 | E14: 2.68 | F14: =(E14-2)/(2*SQRT(A14/(2-A14))) -> 2.1232993 | N14: df | O14: SS | P14: MS | Q14: F | R14: Significance F | X14: df | Y14: SS | Z14: MS | AA14: F | AB14: Significance F
A15: 0.05 | B15: 150 | C15: 20 | D15: 242.086 | E15: 2.66 | F15: =(E15-2)/(2*SQRT(A15/(2-A15))) -> 2.0608493 | M15: Regression | N15: 4 | O15: 87.214909 | P15: 21.803727 | Q15: 8234.5963 | R15: 2.7776778e-238 | W15: Regression | X15: 4 | Y15: 49.914537 | Z15: 12.478634 | AA15: 1994.7092 | AB15: 1.5394564e-171
A16: 0.05 | B16: 150 | C16: 25 | D16: 238.1718 | E16: 2.64 | F16: =(E16-2)/(2*SQRT(A16/(2-A16))) -> 1.9983994 | M16: Residual | N16: 220 | O16: 0.58252036 | P16: 0.0026478198 | W16: Residual | X16: 220 | Y16: 1.3762906 | Z16: 0.0062558665
A17: 0.05 | B17: 175 | C17: 5 | D17: 254.3105 | E17: 2.7342 | F17: =(E17-2)/(2*SQRT(A17/(2-A17))) -> 2.2925388 | M17: Total | N17: 224 | O17: 87.797429 | W17: Total | X17: 224 | Y17: 51.290828
A18: 0.05 | B18: 175 | C18: 10 | D18: 260.5741 | E18: 2.725 | F18: =(E18-2)/(2*SQRT(A18/(2-A18))) -> 2.2638118
A19: 0.05 | B19: 175 | C19: 15 | D19: 237.2117 | E19: 2.695 | F19: =(E19-2)/(2*SQRT(A19/(2-A19))) -> 2.1701368 | N19: Coefficients | O19: Standard Error | P19: t Stat | Q19: P-value | R19: Lower 95% | S19: Upper 95% | T19: Lower 95.0% | U19: Upper 95.0% | X19: Coefficients | Y19: Standard Error | Z19: t Stat | AA19: P-value | AB19: Lower 95% | AC19: Upper 95% | AD19: Lower 95.0% | AE19: Upper 95.0%
A20: 0.05 | B20: 175 | C20: 20 | D20: 246.1019 | E20: 2.68 | F20: =(E20-2)/(2*SQRT(A20/(2-A20))) -> 2.1232993 | M20: Intercept | N20: 1.8663753 | O20: 0.021584122 | P20: 86.469824 | Q20: 8.0801123e-172 | R20: 1.8238372 | S20: 1.9089134 | T20: 1.8238372 | U20: 1.9089134 | W20: Intercept | X20: 1.2183375 | Y20: 0.033176756 | Z20: 36.722622 | AA20: 8.4019065e-96 | AB20: 1.1529525 | AC20: 1.2837224 | AD20: 1.1529525 | AE20: 1.2837224
A21: 0.05 | B21: 175 | C21: 25 | D21: 243.2818 | E21: 2.665 | F21: =(E21-2)/(2*SQRT(A21/(2-A21))) -> 2.0764618 | M21: lamda | N21: 9.8279503 | O21: 0.055010053 | P21: 178.65735 | Q21: 4.2215076e-240 | R21: 9.7195361 | S21: 9.9363644 | T21: 9.7195361 | U21: 9.9363644 | W21: lamda | X21: 6.6831962 | Y21: 0.084555446 | Z21: 79.039217 | AA21: 1.6803548e-163 | AB21: 6.5165539 | AC21: 6.8498386 | AD21: 6.5165539 | AE21: 6.8498386
A22: 0.05 | B22: 200 | C22: 5 | D22: 262.9185 | E22: 2.745 | F22: =(E22-2)/(2*SQRT(A22/(2-A22))) -> 2.3262618 | M22: m | N22: 0.0013958728 | O22: 9.7034953e-05 | P22: 14.385258 | Q22: 1.6295671e-33 | R22: 0.0012046358 | S22: 0.0015871099 | T22: 0.0012046358 | U22: 0.0015871099 | W22: m | X22: 0.0028449357 | Y22: 0.00014915153 | Z22: 19.07413 | AA22: 1.6120029e-48 | AB22: 0.002550987 | AC22: 0.0031388844 | AD22: 0.002550987 | AE22: 0.0031388844
A23: 0.05 | B23: 200 | C23: 10 | D23: 259.9454 | E23: 2.733 | F23: =(E23-2)/(2*SQRT(A23/(2-A23))) -> 2.2887918 | M23: n | N23: -0.007080624 | O23: 0.00048514464 | P23: -14.594872 | Q23: 3.4196132e-34 | R23: -0.0080367498 | S23: -0.0061244983 | T23: -0.0080367498 | U23: -0.0061244983 | W23: n | X23: -0.01430879 | Y23: 0.00074571137 | Z23: -19.188108 | AA23: 7.0938625e-49 | AB23: -0.015778442 | AC23: -0.012839138 | AD23: -0.015778442 | AE23: -0.012839138
A24: 0.05 | B24: 200 | C24: 15 | D24: 251.0769 | E24: 2.7142 | F24: =(E24-2)/(2*SQRT(A24/(2-A24))) -> 2.2300888 | M24: IC ARL | N24: 0.00078207879 | O24: 3.2781721e-05 | P24: 23.857161 | Q24: 6.0053179e-63 | R24: 0.00071747239 | S24: 0.00084668519 | T24: 0.00071747239 | U24: 0.00084668519 | W24: IC ARL | X24: 0.0015737546 | Y24: 5.0388482e-05 | Z24: 31.232428 | AA24: 8.1548454e-83 | AB24: 0.0014744487 | AC24: 0.0016730605 | AD24: 0.0014744487 | AE24: 0.0016730605
A25: 0.05 | B25: 200 | C25: 20 | D25: 254.1935 | E25: 2.6992 | F25: =(E25-2)/(2*SQRT(A25/(2-A25))) -> 2.1832513
A26: 0.05 | B26: 200 | C26: 25 | D26: 249.5901 | E26: 2.6842 | F26: =(E26-2)/(2*SQRT(A26/(2-A26))) -> 2.1364138
A27: 0.05 | B27: 100 | C27: 5 | D27: 362.4968 | E27: 2.7358 | F27: =(E27-2)/(2*SQRT(A27/(2-A27))) -> 2.2975348
A28: 0.05 | B28: 100 | C28: 10 | D28: 384.7103 | E28: 2.7242105 | F28: =(E28-2)/(2*SQRT(A28/(2-A28))) -> 2.2613466
A29: 0.05 | B29: 100 | C29: 15 | D29: 377.2907 | E29: 2.69 | F29: =(E29-2)/(2*SQRT(A29/(2-A29))) -> 2.1545243
A30: 0.05 | B30: 100 | C30: 20 | D30: 371.4042 | E30: 2.66 | F30: =(E30-2)/(2*SQRT(A30/(2-A30))) -> 2.0608493
A31: 0.05 | B31: 100 | C31: 25 | D31: 382.2885 | E31: 2.635 | F31: =(E31-2)/(2*SQRT(A31/(2-A31))) -> 1.9827869
A32: 0.05 | B32: 125 | C32: 5 | D32: 370.422 | E32: 2.7658 | F32: =(E32-2)/(2*SQRT(A32/(2-A32))) -> 2.3912097
A33: 0.05 | B33: 125 | C33: 10 | D33: 371.1833 | E33: 2.75 | F33: =(E33-2)/(2*SQRT(A33/(2-A33))) -> 2.3418742
A34: 0.05 | B34: 125 | C34: 15 | D34: 381.4652 | E34: 2.735 | F34: =(E34-2)/(2*SQRT(A34/(2-A34))) -> 2.2950368
A35: 0.05 | B35: 125 | C35: 20 | D35: 345.0954 | E35: 2.697 | F35: =(E35-2)/(2*SQRT(A35/(2-A35))) -> 2.1763818
A36: 0.05 | B36: 125 | C36: 25 | D36: 367.9532 | E36: 2.675 | F36: =(E36-2)/(2*SQRT(A36/(2-A36))) -> 2.1076868
... A226: 0.2 | B226: 200 | C226: 25 | D226: 518.5246 | E226: 4.385 | F226: =(E226-2)/(2*SQRT(A226/(2-A226))) -> 3.5775

Sheet EVM
A1: lamda | B1: m | C1: n | D1: IC ARL | E1: H | F1: K | H1: 0.01 | I1: 100 | J1: 5 | K1: 370 | L1: 2.2 | M1: =(L1-2)/(2*SQRT(H1/(2-H1))) -> 1.4106736 | N1: =(L1-1)/(1*SQRT(H1/(2-H1))) -> 16.928083
A2: 0.05 | B2: 100 | C2: 5 | D2: 240.8457 | E2: 2.66 | F2: =(E2-2)/(2*SQRT(A2/(2-A2))) -> 2.0608493 | M2: L | N2: C
A3: 0.05 | B3: 100 | C3: 10 | D3: 256.4689 | E3: 2.63 | F3: =(E3-2)/(2*SQRT(A3/(2-A3))) -> 1.9671744
A4: 0.05 | B4: 100 | C4: 15 | D4: 255.6492 | E4: 2.62 | F4: =(E4-2)/(2*SQRT(A4/(2-A4))) -> 1.9359494 | M4: SUMMARY OUTPUT | W4: SUMMARY OUTPUT
A5: 0.05 | B5: 100 | C5: 20 | D5: 257.5768 | E5: 2.6 | F5: =(E5-2)/(2*SQRT(A5/(2-A5))) -> 1.8734994
A6: 0.05 | B6: 100 | C6: 25 | D6: 260.0756 | E6: 2.58 | F6: =(E6-2)/(2*SQRT(A6/(2-A6))) -> 1.8110494 | M6: Regression Statistics | W6: Regression Statistics
A7: 0.05 | B7: 125 | C7: 5 | D7: 238.9382 | E7: 2.69 | F7: =(E7-2)/(2*SQRT(A7/(2-A7))) -> 2.1545243 | M7: Multiple R | N7: 0.99337545 | W7: Multiple R | X7: 0.97832439
A8: 0.05 | B8: 125 | C8: 10 | D8: 247.6762 | E8: 2.66 | F8: =(E8-2)/(2*SQRT(A8/(2-A8))) -> 2.0608493 | M8: R Square | N8: 0.98679479 | W8: R Square | X8: 0.95711862
A9: 0.05 | B9: 125 | C9: 15 | D9: 249.5634 | E9: 2.65 | F9: =(E9-2)/(2*SQRT(A9/(2-A9))) -> 2.0296243 | M9: Adjusted R Square | N9: 0.98655469 | W9: Adjusted R Square | X9: 0.95633896
A10: 0.05 | B10: 125 | C10: 20 | D10: 248.4144 | E10: 2.63 | F10: =(E10-2)/(2*SQRT(A10/(2-A10))) -> 1.9671744 | M10: Standard Error | N10: 0.073203949 | W10: Standard Error | X10: 0.10486024
A11: 0.05 | B11: 125 | C11: 25 | D11: 251.4101 | E11: 2.61 | F11: =(E11-2)/(2*SQRT(A11/(2-A11))) -> 1.9047244 | M11: Observations | N11: 225 | W11: Observations | X11: 225
A12: 0.05 | B12: 150 | C12: 5 | D12: 251.2297 | E12: 2.715 | F12: =(E12-2)/(2*SQRT(A12/(2-A12))) -> 2.2325868
A13: 0.05 | B13: 150 | C13: 10 | D13: 245.2793 | E13: 2.68 | F13: =(E13-2)/(2*SQRT(A13/(2-A13))) -> 2.1232993 | M13: ANOVA | W13: ANOVA
A14: 0.05 | B14: 150 | C14: 15 | D14: 241.7663 | E14: 2.665 | F14: =(E14-2)/(2*SQRT(A14/(2-A14))) -> 2.0764618 | N14: df | O14: SS | P14: MS | Q14: F | R14: Significance F | X14: df | Y14: SS | Z14: MS | AA14: F | AB14: Significance F
A15: 0.05 | B15: 150 | C15: 20 | D15: 259.1009 | E15: 2.66 | F15: =(E15-2)/(2*SQRT(A15/(2-A15))) -> 2.0608493 | M15: Regression | N15: 4 | O15: 88.099431 | P15: 22.024858 | Q15: 4110.0215 | R15: 2.0970135e-205 | W15: Regression | X15: 4 | Y15: 53.993484 | Z15: 13.498371 | AA15: 1227.608 | AB15: 3.7672716e-149
A16: 0.05 | B16: 150 | C16: 25 | D16: 259.7067 | E16: 2.64 | F16: =(E16-2)/(2*SQRT(A16/(2-A16))) -> 1.9983994 | M16: Residual | N16: 220 | O16: 1.17894 | P16: 0.0053588182 | W16: Residual | X16: 220 | Y16: 2.4190472 | Z16: 0.010995669
A17: 0.05 | B17: 175 | C17: 5 | D17: 253.9803 | E17: 2.735 | F17: =(E17-2)/(2*SQRT(A17/(2-A17))) -> 2.2950368 | M17: Total | N17: 224 | O17: 89.278371 | W17: Total | X17: 224 | Y17: 56.412531
A18: 0.05 | B18: 175 | C18: 10 | D18: 259.3664 | E18: 2.7 | F18: =(E18-2)/(2*SQRT(A18/(2-A18))) -> 2.1857493
A19: 0.05 | B19: 175 | C19: 15 | D19: 252.0966 | E19: 2.685 | F19: =(E19-2)/(2*SQRT(A19/(2-A19))) -> 2.1389118 | N19: Coefficients | O19: Standard Error | P19: t Stat | Q19: P-value | R19: Lower 95% | S19: Upper 95% | T19: Lower 95.0% | U19: Upper 95.0% | X19: Coefficients | Y19: Standard Error | Z19: t Stat | AA19: P-value | AB19: Lower 95% | AC19: Upper 95% | AD19: Lower 95.0% | AE19: Upper 95.0%
A20: 0.05 | B20: 175 | C20: 20 | D20: 261.9422 | E20: 2.68 | F20: =(E20-2)/(2*SQRT(A20/(2-A20))) -> 2.1232993 | M20: Intercept | N20: 1.8659463 | O20: 0.031092224 | P20: 60.013279 | Q20: 2.304569e-138 | R20: 1.8046696 | S20: 1.927223 | T20: 1.8046696 | U20: 1.927223 | W20: Intercept | X20: 1.1933675 | Y20: 0.044537732 | Z20: 26.794527 | AA20: 3.2702451e-71 | AB20: 1.1055922 | AC20: 1.2811427 | AD20: 1.1055922 | AE20: 1.2811427
A21: 0.05 | B21: 175 | C21: 25 | D21: 255.1279 | E21: 2.66 | F21: =(E21-2)/(2*SQRT(A21/(2-A21))) -> 2.0608493 | M21: lamda | N21: 9.8449748 | O21: 0.078261042 | P21: 125.79662 | Q21: 6.5006263e-207 | R21: 9.6907375 | S21: 9.9992121 | T21: 9.6907375 | U21: 9.9992121 | W21: lamda | X21: 6.8197334 | Y21: 0.11210422 | Z21: 60.833871 | AA21: 1.3753919e-139 | AB21: 6.5987978 | AC21: 7.040669 | AD21: 6.5987978 | AE21: 7.040669
A22: 0.05 | B22: 200 | C22: 5 | D22: 250.4474 | E22: 2.74 | F22: =(E22-2)/(2*SQRT(A22/(2-A22))) -> 2.3106493 | M22: m | N22: 0.0015852329 | O22: 0.00013803513 | P22: 11.484271 | Q22: 3.1773743e-24 | R22: 0.0013131925 | S22: 0.0018572733 | T22: 0.0013131925 | U22: 0.0018572733 | W22: m | X22: 0.0032209454 | Y22: 0.00019772699 | Z22: 16.289862 | AA22: 1.1461433e-39 | AB22: 0.0028312639 | AC22: 0.0036106269 | AD22: 0.0028312639 | AE22: 0.0036106269
A23: 0.05 | B23: 200 | C23: 10 | D23: 261.4259 | E23: 2.72 | F23: =(E23-2)/(2*SQRT(A23/(2-A23))) -> 2.2481993 | M23: n | N23: -0.010338737 | O23: 0.00069019735 | P23: -14.979393 | Q23: 1.9497701e-35 | R23: -0.011698982 | S23: -0.0089784925 | T23: -0.011698982 | U23: -0.0089784925 | W23: n | X23: -0.019779244 | Y23: 0.00098866602 | Z23: -20.005992 | AA23: 2.0381131e-51 | AB23: -0.021727713 | AC23: -0.017830776 | AD23: -0.021727713 | AE23: -0.017830776
A24: 0.05 | B24: 200 | C24: 15 | D24: 255.4306 | E24: 2.705 | F24: =(E24-2)/(2*SQRT(A24/(2-A24))) -> 2.2013618 | M24: IC ARL | N24: 0.00081000428 | O24: 4.7704033e-05 | P24: 16.979786 | Q24: 6.9812998e-42 | R24: 0.0007159889 | S24: 0.00090401965 | T24: 0.0007159889 | U24: 0.00090401965 | W24: IC ARL | X24: 0.0016139999 | Y24: 6.8333146e-05 | Z24: 23.619575 | AA24: 2.9342318e-62 | AB24: 0.0014793285 | AC24: 0.0017486712 | AD24: 0.0014793285 | AE24: 0.0017486712
A25: 0.05 | B25: 200 | C25: 20 | D25: 255.8031 | E25: 2.69 | F25: =(E25-2)/(2*SQRT(A25/(2-A25))) -> 2.1545243
A26: 0.05 | B26: 200 | C26: 25 | D26: 254.2007 | E26: 2.68 | F26: =(E26-2)/(2*SQRT(A26/(2-A26))) -> 2.1232993
A27: 0.05 | B27: 100 | C27: 5 | D27: 360.272 | E27: 2.73 | F27: =(E27-2)/(2*SQRT(A27/(2-A27))) -> 2.2794243
A28: 0.05 | B28: 100 | C28: 10 | D28: 380.4873 | E28: 2.6992105 | F28: =(E28-2)/(2*SQRT(A28/(2-A28))) -> 2.1832842
A29: 0.05 | B29: 100 | C29: 15 | D29: 376.8314 | E29: 2.67 | F29: =(E29-2)/(2*SQRT(A29/(2-A29))) -> 2.0920743
A30: 0.05 | B30: 100 | C30: 20 | D30: 371.4757 | E30: 2.65 | F30: =(E30-2)/(2*SQRT(A30/(2-A30))) -> 2.0296243
A31: 0.05 | B31: 100 | C31: 25 | D31: 365.1692 | E31: 2.62 | F31: =(E31-2)/(2*SQRT(A31/(2-A31))) -> 1.9359494
A32: 0.05 | B32: 125 | C32: 5 | D32: 360.5004 | E32: 2.76 | F32: =(E32-2)/(2*SQRT(A32/(2-A32))) -> 2.3730992
A33: 0.05 | B33: 125 | C33: 10 | D33: 366.7943 | E33: 2.725 | F33: =(E33-2)/(2*SQRT(A33/(2-A33))) -> 2.2638118
A34: 0.05 | B34: 125 | C34: 15 | D34: 384.1921 | E34: 2.715 | F34: =(E34-2)/(2*SQRT(A34/(2-A34))) -> 2.2325868
A35: 0.05 | B35: 125 | C35: 20 | D35: 362.4751 | E35: 2.68 | F35: =(E35-2)/(2*SQRT(A35/(2-A35))) -> 2.1232993
A36: 0.05 | B36: 125 | C36: 25 | D36: 383.8092 | E36: 2.67 | F36: =(E36-2)/(2*SQRT(A36/(2-A36))) -> 2.0920743
... A226: 0.2 | B226: 200 | C226: 25 | D226: 483.4621 | E226: 4.315 | F226: =(E226-2)/(2*SQRT(A226/(2-A226))) -> 3.4725
